customer_id,cashier_id,type,time,day,price,payment_type
CUST000001,2,Books Stationery,20 22,Monday,1086.03,UPI
CUST000002,3,Sports Fitness,08 38,Monday,4100.88,CASH
CUST000003,1,Home Kitchen,19 06,Thursday,9680.64,CARD
CUST000004,2,Home Kitchen,06 59,Friday,9189.22,CARD
CUST000005,1,Grocery,01 36,Saturday,2712.57,CARD
CUST000006,1,Toys Games,06 12,Wednesday,2806.58,CARD
CUST000007,1,Grocery,12 53,Sunday,1532.56,CARD
CUST000008,5,Home Kitchen,09 17,Tuesday,6992.94,UPI
CUST000009,4,Beauty Personal Care,09 06,Friday,593.68,CASH
CUST000010,6,Books Stationery,23 33,Sunday,1568.07,CARD
CUST000011,4,Toys Games,12 15,Tuesday,2151.69,CARD
CUST000012,2,Toys Games,11 08,Tuesday,1093.56,CARD
CUST000013,2,Books Stationery,06 57,Thursday,694.79,CASH
CUST000014,2,Home Kitchen,09 23,Wednesday,6176.10,UPI
CUST000015,6,Grocery,21 35,Friday,1802.05,UPI
CUST000016,2,Sports Fitness,22 58,Thursday,7421.68,CASH
CUST000017,3,Beauty Personal Care,10 22,Saturday,2718.65,CASH
CUST000018,3,Healthcare,22 32,Sunday,4425.79,UPI
CUST000019,2,Electronics,06 01,Thursday,13186.80,CARD
CUST000020,4,Food,15 14,Monday,336.03,UPI
CUST000021,5,Grocery,12 27,Monday,2980.57,CARD
CUST000022,1,Grocery,14 51,Monday,504.11,CASH
CUST000023,3,Food,12 56,Tuesday,634.12,CASH
CUST000024,1,Beauty Personal Care,22 33,Tuesday,2232.47,CASH
CUST000025,2,Electronics,14 26,Saturday,47488.51,CARD
CUST000026,4,Food,07 26,Tuesday,670.35,CASH
CUST000027,1,Toys Games,08 32,Sunday,3628.32,CASH
CUST000028,1,Fashion,21 34,Sunday,2018.36,UPI
CUST000029,5,Healthcare,10 54,Sunday,1383.63,CASH
CUST000030,6,Electronics,13 51,Wednesday,1257.74,CARD
CUST000031,3,Fashion,19 29,Sunday,2207.83,UPI
CUST000032,5,Home Kitchen,08 25,Monday,4690.61,CARD
CUST000033,5,Healthcare,11 40,Wednesday,3527.20,CARD
CUST000034,5,Sports Fitness,03 52,Tuesday,4507.28,CASH
CUST000035,6,Books Stationery,12 27,Thursday,1799.35,UPI
CUST000036,5,Fashion,15 02,Thursday,2153.97,CARD
CUST000037,3,Electronics,13 29,Saturday,47607.83,CASH
CUST000038,6,Toys Games,19 41,Tuesday,3744.43,UPI
CUST000039,5,Healthcare,10 13,Sunday,715.03,CARD
CUST000040,5,Toys Games,07 09,Sunday,4172.06,UPI
CUST000041,3,Food,03 08,Sunday,239.94,CASH
CUST000042,6,Home Kitchen,16 32,Friday,9848.50,CASH
CUST000043,1,Food,06 18,Tuesday,493.97,CASH
CUST000044,5,Toys Games,05 18,Monday,1040.10,CARD
CUST000045,4,Sports Fitness,02 52,Wednesday,4840.38,CARD
CUST000046,6,Sports Fitness,12 19,Tuesday,8081.41,UPI
CUST000047,2,Electronics,16 56,Tuesday,37199.84,UPI
CUST000048,4,Beauty Personal Care,11 26,Saturday,843.20,CARD
CUST000049,2,Healthcare,12 22,Wednesday,3783.47,CARD
CUST000050,5,Home Kitchen,02 29,Tuesday,6555.51,CASH
CUST000051,2,Toys Games,03 30,Wednesday,216.68,CARD
CUST000052,6,Food,09 49,Monday,765.94,CASH
CUST000053,4,Fashion,16 50,Monday,1904.91,UPI
CUST000054,5,Home Kitchen,19 57,Tuesday,6969.29,UPI
CUST000055,3,Electronics,15 12,Sunday,34909.35,CARD
CUST000056,6,Books Stationery,16 17,Thursday,1968.98,CASH
CUST000057,2,Toys Games,12 45,Sunday,3670.23,UPI
CUST000058,2,Electronics,01 05,Wednesday,17883.10,UPI
CUST000059,6,Beauty Personal Care,19 53,Sunday,1695.35,UPI
CUST000060,5,Grocery,23 23,Thursday,1358.76,CARD
CUST000061,2,Toys Games,18 13,Friday,4065.63,CARD
CUST000062,5,Healthcare,09 39,Thursday,4210.01,CARD
CUST000063,2,Healthcare,12 40,Thursday,506.24,CARD
CUST000064,3,Electronics,20 02,Saturday,43240.44,CASH
CUST000065,5,Fashion,16 29,Saturday,1675.71,CASH
CUST000066,2,Healthcare,11 24,Sunday,3915.43,CARD
CUST000067,5,Food,11 10,Tuesday,257.03,CARD
CUST000068,2,Books Stationery,09 01,Monday,253.21,CASH
CUST000069,1,Sports Fitness,17 54,Sunday,10553.39,UPI
CUST000070,1,Beauty Personal Care,18 11,Thursday,415.38,CARD
CUST000071,2,Electronics,16 18,Monday,1614.35,UPI
CUST000072,5,Sports Fitness,00 27,Monday,14633.18,CASH
CUST000073,6,Sports Fitness,22 26,Saturday,12710.52,UPI
CUST000074,1,Electronics,06 20,Sunday,44130.39,CARD
CUST000075,6,Books Stationery,13 39,Sunday,496.03,UPI
CUST000076,1,Electronics,00 19,Thursday,10497.15,UPI
CUST000077,4,Toys Games,23 40,Thursday,3303.05,CARD
CUST000078,2,Healthcare,12 10,Sunday,1585.94,UPI
CUST000079,4,Sports Fitness,09 42,Tuesday,6243.45,UPI
CUST000080,5,Healthcare,12 02,Sunday,794.73,CASH
CUST000081,6,Food,17 53,Saturday,317.21,CARD
CUST000082,5,Home Kitchen,21 38,Wednesday,7976.30,CARD
CUST000083,1,Healthcare,01 47,Thursday,152.21,CARD
CUST000084,1,Toys Games,07 09,Thursday,649.12,UPI
CUST000085,6,Electronics,04 24,Wednesday,7405.07,UPI
CUST000086,6,Books Stationery,01 50,Wednesday,1364.25,UPI
CUST000087,4,Home Kitchen,16 55,Saturday,317.95,UPI
CUST000088,1,Healthcare,13 50,Monday,3519.00,UPI
CUST000089,4,Fashion,04 16,Friday,888.83,CASH
CUST000090,4,Home Kitchen,12 27,Friday,1262.57,CASH
CUST000091,1,Toys Games,21 51,Monday,3006.79,CARD
CUST000092,2,Home Kitchen,11 32,Sunday,3603.43,CASH
CUST000093,3,Grocery,23 06,Wednesday,2051.75,CASH
CUST000094,3,Books Stationery,12 27,Monday,310.14,UPI
CUST000095,4,Food,08 31,Wednesday,323.60,CASH
CUST000096,2,Home Kitchen,06 06,Monday,8329.42,UPI
CUST000097,4,Home Kitchen,22 23,Wednesday,3728.88,CARD
CUST000098,4,Beauty Personal Care,17 49,Sunday,855.76,CASH
CUST000099,3,Electronics,06 55,Sunday,48170.44,CARD
CUST000100,1,Home Kitchen,16 51,Saturday,1396.59,CARD
CUST000101,3,Electronics,06 39,Thursday,8907.97,CARD
CUST000102,6,Home Kitchen,23 27,Friday,6374.25,CARD
CUST000103,6,Sports Fitness,08 15,Tuesday,13106.82,UPI
CUST000104,1,Fashion,21 50,Wednesday,2911.54,CASH
CUST000105,1,Fashion,06 36,Tuesday,4551.52,UPI
CUST000106,5,Sports Fitness,15 31,Tuesday,7041.38,CARD
CUST000107,1,Grocery,01 50,Tuesday,1282.41,CASH
CUST000108,3,Sports Fitness,14 05,Saturday,4136.37,UPI
CUST000109,6,Books Stationery,23 41,Wednesday,901.22,CASH
CUST000110,3,Food,08 07,Friday,465.16,UPI
CUST000111,2,Books Stationery,01 36,Wednesday,943.74,UPI
CUST000112,5,Books Stationery,22 12,Saturday,1986.99,CARD
CUST000113,3,Food,16 56,Sunday,439.47,CASH
CUST000114,1,Home Kitchen,02 35,Sunday,7667.18,CARD
CUST000115,3,Food,09 24,Wednesday,609.03,CASH
CUST000116,3,Toys Games,07 59,Saturday,3728.71,UPI
CUST000117,5,Healthcare,14 20,Tuesday,3738.94,CARD
CUST000118,5,Books Stationery,02 42,Wednesday,1966.01,CASH
CUST000119,6,Food,11 12,Wednesday,762.56,CASH
CUST000120,4,Fashion,11 15,Wednesday,1122.36,CASH
CUST000121,1,Healthcare,15 09,Thursday,4840.25,CARD
CUST000122,1,Books Stationery,04 19,Tuesday,1146.29,CARD
CUST000123,4,Sports Fitness,13 15,Monday,4101.90,UPI
CUST000124,4,Grocery,17 41,Sunday,1142.73,UPI
CUST000125,5,Healthcare,10 44,Saturday,1085.87,UPI
CUST000126,2,Beauty Personal Care,03 11,Thursday,2278.46,UPI
CUST000127,1,Fashion,01 32,Monday,1183.40,CASH
CUST000128,4,Grocery,09 02,Saturday,2211.43,UPI
CUST000129,3,Home Kitchen,19 39,Sunday,3063.93,CASH
CUST000130,1,Toys Games,22 00,Friday,1146.28,CASH
CUST000131,1,Grocery,00 53,Wednesday,218.17,UPI
CUST000132,2,Beauty Personal Care,21 38,Thursday,715.65,CASH
CUST000133,1,Fashion,00 28,Thursday,2429.16,CASH
CUST000134,1,Food,01 49,Monday,125.70,UPI
CUST000135,6,Beauty Personal Care,16 57,Sunday,1624.83,CASH
CUST000136,3,Beauty Personal Care,19 02,Thursday,2757.65,CASH
CUST000137,1,Grocery,10 28,Sunday,1110.41,CARD
CUST000138,6,Toys Games,20 36,Wednesday,3390.36,UPI
CUST000139,6,Grocery,02 23,Monday,1475.06,CARD
CUST000140,1,Fashion,22 42,Thursday,4080.36,CARD
CUST000141,3,Fashion,23 31,Saturday,1218.15,CARD
CUST000142,6,Healthcare,22 10,Monday,3552.79,CASH
CUST000143,1,Grocery,02 44,Tuesday,701.04,CASH
CUST000144,2,Grocery,03 32,Sunday,526.44,CARD
CUST000145,2,Healthcare,06 15,Friday,2698.01,CARD
CUST000146,6,Toys Games,10 25,Friday,2856.81,UPI
CUST000147,2,Electronics,08 41,Sunday,48074.56,CASH
CUST000148,3,Grocery,06 55,Monday,525.49,UPI
CUST000149,2,Food,02 25,Wednesday,539.44,UPI
CUST000150,5,Home Kitchen,17 52,Saturday,8749.52,UPI
CUST000151,4,Healthcare,04 26,Saturday,2218.94,UPI
CUST000152,1,Food,17 41,Saturday,738.49,UPI
CUST000153,5,Fashion,08 15,Wednesday,3241.35,UPI
CUST000154,4,Home Kitchen,12 29,Wednesday,8823.92,CARD
CUST000155,4,Food,04 47,Wednesday,673.72,CARD
CUST000156,5,Beauty Personal Care,13 22,Wednesday,841.95,UPI
CUST000157,1,Fashion,14 56,Wednesday,863.99,UPI
CUST000158,5,Toys Games,05 17,Sunday,2063.22,UPI
CUST000159,4,Healthcare,11 44,Sunday,4240.29,CARD
CUST000160,4,Sports Fitness,22 03,Thursday,14200.90,CARD
CUST000161,4,Sports Fitness,18 18,Friday,11602.95,UPI
CUST000162,6,Electronics,16 59,Monday,6738.83,CASH
CUST000163,6,Fashion,23 58,Friday,3275.93,UPI
CUST000164,1,Grocery,07 16,Saturday,2666.66,CARD
CUST000165,3,Toys Games,15 56,Wednesday,4177.24,CARD
CUST000166,5,Grocery,16 37,Sunday,2775.08,CASH
CUST000167,1,Beauty Personal Care,10 41,Tuesday,612.87,UPI
CUST000168,4,Healthcare,11 49,Thursday,2772.09,CASH
CUST000169,5,Healthcare,16 39,Monday,4214.19,UPI
CUST000170,6,Home Kitchen,17 36,Tuesday,4283.57,CARD
CUST000171,6,Grocery,19 40,Tuesday,773.69,CARD
CUST000172,1,Beauty Personal Care,04 43,Thursday,2456.10,CASH
CUST000173,6,Books Stationery,05 57,Thursday,458.38,UPI
CUST000174,5,Toys Games,11 40,Saturday,3861.93,CARD
CUST000175,5,Beauty Personal Care,06 42,Tuesday,2980.21,CASH
CUST000176,6,Fashion,12 36,Wednesday,4205.70,CARD
CUST000177,1,Electronics,18 45,Thursday,29528.88,CASH
CUST000178,4,Healthcare,18 17,Wednesday,3305.09,CARD
CUST000179,4,Books Stationery,00 06,Thursday,406.50,CASH
CUST000180,1,Beauty Personal Care,19 04,Wednesday,609.24,CARD
CUST000181,2,Sports Fitness,09 19,Thursday,8989.88,CARD
CUST000182,5,Healthcare,23 52,Monday,3687.68,CASH
CUST000183,5,Beauty Personal Care,03 41,Monday,2648.29,CASH
CUST000184,3,Books Stationery,19 21,Wednesday,375.83,CARD
CUST000185,3,Fashion,17 42,Tuesday,3014.04,UPI
CUST000186,5,Sports Fitness,15 48,Saturday,2834.08,CASH
CUST000187,4,Grocery,07 08,Wednesday,2508.10,CARD
CUST000188,3,Fashion,02 04,Thursday,3810.88,CARD
CUST000189,4,Home Kitchen,13 14,Tuesday,8784.50,CARD
CUST000190,5,Electronics,22 00,Saturday,29408.83,CARD
CUST000191,1,Sports Fitness,10 08,Tuesday,8874.26,CARD
CUST000192,1,Books Stationery,09 48,Wednesday,825.00,CARD
CUST000193,5,Fashion,14 27,Saturday,2239.19,CARD
CUST000194,1,Grocery,11 34,Tuesday,501.30,CASH
CUST000195,1,Books Stationery,23 45,Thursday,1416.37,UPI
CUST000196,3,Books Stationery,23 04,Saturday,310.68,UPI
CUST000197,6,Food,04 27,Wednesday,708.55,CARD
CUST000198,3,Healthcare,17 24,Tuesday,202.00,CARD
CUST000199,4,Grocery,10 09,Tuesday,363.05,CARD
CUST000200,2,Food,10 29,Tuesday,357.89,UPI
CUST000201,6,Healthcare,14 25,Saturday,2405.95,CARD
CUST000202,4,Electronics,19 58,Friday,2478.32,CASH
CUST000203,5,Grocery,20 27,Friday,155.48,CARD
CUST000204,1,Grocery,23 10,Monday,2151.95,CASH
CUST000205,2,Healthcare,00 03,Sunday,873.08,CASH
CUST000206,3,Books Stationery,23 02,Saturday,365.56,CARD
CUST000207,5,Fashion,09 19,Sunday,4098.01,CARD
CUST000208,5,Home Kitchen,08 23,Monday,928.73,UPI
CUST000209,4,Toys Games,15 11,Tuesday,1204.77,UPI
CUST000210,4,Healthcare,02 09,Monday,4844.91,CASH
CUST000211,4,Food,23 07,Thursday,368.24,CASH
CUST000212,2,Electronics,21 08,Tuesday,25903.22,UPI
CUST000213,6,Grocery,05 04,Tuesday,2178.33,CARD
CUST000214,1,Food,12 47,Sunday,596.30,CASH
CUST000215,1,Grocery,13 29,Friday,615.40,UPI
CUST000216,2,Fashion,12 15,Tuesday,4572.93,CARD
CUST000217,4,Grocery,05 09,Thursday,2313.21,CARD
CUST000218,6,Beauty Personal Care,16 19,Monday,274.50,CASH
CUST000219,2,Books Stationery,16 04,Friday,1721.08,CASH
CUST000220,6,Electronics,19 09,Thursday,11327.46,CARD
CUST000221,3,Electronics,00 57,Sunday,36561.93,CASH
CUST000222,5,Sports Fitness,02 35,Saturday,14370.03,CARD
CUST000223,6,Sports Fitness,02 39,Sunday,3844.78,CARD
CUST000224,4,Sports Fitness,13 36,Sunday,12097.27,CASH
CUST000225,6,Food,21 25,Friday,610.74,CARD
CUST000226,3,Toys Games,20 03,Sunday,4615.11,CASH
CUST000227,5,Grocery,16 20,Monday,2692.07,CASH
CUST000228,5,Sports Fitness,16 28,Thursday,1225.64,CARD
CUST000229,2,Beauty Personal Care,07 57,Tuesday,1367.87,UPI
CUST000230,2,Healthcare,17 47,Tuesday,4046.92,CASH
CUST000231,3,Grocery,06 00,Tuesday,1691.75,UPI
CUST000232,6,Books Stationery,20 37,Monday,414.49,UPI
CUST000233,3,Fashion,03 06,Sunday,1428.23,CASH
CUST000234,3,Toys Games,19 40,Wednesday,4137.53,UPI
CUST000235,2,Grocery,19 40,Sunday,403.37,CARD
CUST000236,3,Healthcare,09 38,Monday,1704.54,UPI
CUST000237,3,Home Kitchen,13 36,Friday,5743.33,CARD
CUST000238,3,Sports Fitness,01 44,Tuesday,5534.38,CARD
CUST000239,1,Food,23 45,Sunday,277.63,UPI
CUST000240,6,Beauty Personal Care,21 50,Friday,747.30,CARD
CUST000241,1,Food,12 06,Thursday,364.01,UPI
CUST000242,4,Food,23 08,Sunday,167.43,CASH
CUST000243,5,Healthcare,08 49,Wednesday,495.43,UPI
CUST000244,1,Electronics,03 03,Sunday,21902.39,CASH
CUST000245,1,Sports Fitness,11 07,Sunday,4249.64,CARD
CUST000246,1,Grocery,23 18,Tuesday,1011.28,CARD
CUST000247,1,Toys Games,21 51,Tuesday,1111.09,CARD
CUST000248,3,Food,18 44,Friday,637.40,CASH
CUST000249,2,Toys Games,17 09,Sunday,4979.11,CASH
CUST000250,1,Sports Fitness,04 19,Monday,2177.11,CASH
CUST000251,3,Books Stationery,20 21,Sunday,418.38,CARD
CUST000252,2,Fashion,12 14,Tuesday,2225.84,CARD
CUST000253,5,Food,05 22,Friday,646.18,UPI
CUST000254,4,Food,15 07,Monday,612.63,CARD
CUST000255,1,Grocery,20 27,Sunday,413.95,UPI
CUST000256,3,Beauty Personal Care,12 49,Sunday,2608.39,CARD
CUST000257,1,Sports Fitness,02 04,Friday,6071.29,UPI
CUST000258,3,Healthcare,14 57,Friday,2382.40,CASH
CUST000259,6,Sports Fitness,07 49,Tuesday,12547.47,UPI
CUST000260,2,Electronics,20 58,Wednesday,46713.86,UPI
CUST000261,4,Fashion,21 00,Thursday,4850.96,UPI
CUST000262,3,Beauty Personal Care,07 46,Friday,1926.64,CARD
CUST000263,5,Electronics,14 18,Sunday,10173.48,CASH
CUST000264,4,Sports Fitness,10 11,Friday,4987.88,UPI
CUST000265,1,Electronics,06 39,Saturday,48810.48,CASH
CUST000266,4,Fashion,08 27,Thursday,1648.10,CASH
CUST000267,6,Books Stationery,12 08,Tuesday,1843.39,CASH
CUST000268,4,Sports Fitness,06 54,Friday,14716.45,CARD
CUST000269,6,Toys Games,17 27,Sunday,1188.02,UPI
CUST000270,5,Grocery,15 38,Wednesday,1669.84,CARD
CUST000271,6,Fashion,10 51,Tuesday,1695.90,CARD
CUST000272,1,Home Kitchen,10 57,Tuesday,3338.41,UPI
CUST000273,1,Fashion,15 24,Friday,2219.94,UPI
CUST000274,6,Home Kitchen,23 30,Tuesday,5931.40,CASH
CUST000275,5,Beauty Personal Care,11 26,Monday,2494.66,UPI
CUST000276,2,Electronics,04 19,Sunday,47494.86,CARD
CUST000277,5,Fashion,06 40,Sunday,3331.55,CARD
CUST000278,2,Beauty Personal Care,09 18,Wednesday,229.52,CARD
CUST000279,1,Fashion,13 12,Friday,2370.84,CARD
CUST000280,4,Electronics,03 34,Thursday,40127.42,CARD
CUST000281,4,Toys Games,00 47,Thursday,523.75,UPI
CUST000282,1,Grocery,15 19,Tuesday,1110.97,CASH
CUST000283,2,Healthcare,19 00,Monday,2877.04,CASH
CUST000284,4,Toys Games,16 32,Saturday,3992.01,CASH
CUST000285,3,Books Stationery,16 35,Friday,1705.10,CARD
CUST000286,2,Toys Games,19 09,Tuesday,4711.54,CARD
CUST000287,5,Beauty Personal Care,02 44,Monday,941.01,CARD
CUST000288,2,Food,12 52,Tuesday,175.88,UPI
CUST000289,3,Healthcare,20 11,Tuesday,3387.58,CARD
CUST000290,3,Books Stationery,15 51,Saturday,1861.81,CARD
CUST000291,4,Home Kitchen,08 15,Tuesday,7209.54,CASH
CUST000292,3,Sports Fitness,04 24,Thursday,13651.34,CARD
CUST000293,4,Toys Games,16 59,Wednesday,2225.05,CASH
CUST000294,4,Healthcare,16 50,Thursday,360.74,CARD
CUST000295,6,Toys Games,11 44,Tuesday,2852.36,UPI
CUST000296,1,Beauty Personal Care,14 19,Thursday,1054.85,UPI
CUST000297,2,Electronics,09 50,Wednesday,30688.05,CARD
CUST000298,2,Beauty Personal Care,16 56,Saturday,392.51,CASH
CUST000299,4,Home Kitchen,23 34,Saturday,1043.85,UPI
CUST000300,4,Food,01 48,Thursday,674.09,CASH
CUST000301,5,Healthcare,08 02,Sunday,3551.65,CASH
CUST000302,1,Healthcare,04 57,Friday,432.51,CARD
CUST000303,4,Fashion,14 09,Wednesday,624.47,UPI
CUST000304,2,Books Stationery,18 42,Thursday,1775.26,CASH
CUST000305,4,Home Kitchen,21 23,Monday,6864.26,UPI
CUST000306,4,Books Stationery,11 13,Tuesday,998.80,CASH
CUST000307,2,Beauty Personal Care,03 06,Monday,2578.99,CASH
CUST000308,5,Sports Fitness,16 18,Monday,13130.48,CASH
CUST000309,5,Sports Fitness,00 45,Saturday,3455.34,UPI
CUST000310,6,Food,23 22,Tuesday,412.81,UPI
CUST000311,1,Books Stationery,13 08,Friday,1561.05,CASH
CUST000312,1,Electronics,09 08,Tuesday,11634.43,CARD
CUST000313,5,Food,19 37,Friday,627.98,CARD
CUST000314,5,Sports Fitness,00 23,Friday,10083.29,CARD
CUST000315,4,Healthcare,22 48,Wednesday,1422.56,UPI
CUST000316,4,Food,12 00,Wednesday,292.01,CARD
CUST000317,3,Fashion,07 06,Thursday,4678.58,CASH
CUST000318,6,Home Kitchen,19 09,Tuesday,7273.52,UPI
CUST000319,4,Fashion,04 27,Wednesday,1947.62,CASH
CUST000320,3,Home Kitchen,01 17,Wednesday,4009.36,CARD
CUST000321,4,Beauty Personal Care,21 01,Friday,2154.69,CASH
CUST000322,1,Home Kitchen,15 48,Friday,4032.75,UPI
CUST000323,5,Home Kitchen,06 49,Monday,3172.81,CARD
CUST000324,1,Grocery,23 35,Saturday,840.53,CASH
CUST000325,5,Electronics,04 35,Saturday,26855.56,CASH
CUST000326,6,Beauty Personal Care,13 49,Sunday,677.27,UPI
CUST000327,4,Electronics,08 53,Sunday,23331.55,UPI
CUST000328,2,Food,14 38,Thursday,529.94,CARD
CUST000329,3,Sports Fitness,17 08,Sunday,7138.07,CASH
CUST000330,1,Fashion,13 13,Wednesday,726.33,UPI
CUST000331,1,Healthcare,23 51,Monday,2341.83,CARD
CUST000332,1,Sports Fitness,02 46,Tuesday,10945.50,UPI
CUST000333,1,Electronics,23 20,Sunday,41054.09,CASH
CUST000334,3,Grocery,03 44,Wednesday,1120.58,CARD
CUST000335,6,Books Stationery,08 12,Thursday,347.25,CARD
CUST000336,5,Sports Fitness,13 04,Friday,4783.05,UPI
CUST000337,6,Beauty Personal Care,04 20,Wednesday,2055.44,CASH
CUST000338,5,Fashion,01 22,Thursday,3923.83,UPI
CUST000339,1,Books Stationery,09 02,Wednesday,746.30,CASH
CUST000340,3,Toys Games,21 47,Thursday,394.24,UPI
CUST000341,2,Healthcare,14 16,Thursday,1110.10,CARD
CUST000342,2,Grocery,23 37,Tuesday,1326.44,CARD
CUST000343,3,Beauty Personal Care,17 22,Friday,2842.00,UPI
CUST000344,4,Fashion,06 52,Saturday,2730.83,CASH
CUST000345,1,Food,00 30,Friday,286.35,CARD
CUST000346,5,Beauty Personal Care,07 30,Monday,935.57,CASH
CUST000347,4,Sports Fitness,05 24,Friday,11346.79,CASH
CUST000348,3,Grocery,21 52,Wednesday,1334.87,UPI
CUST000349,4,Healthcare,02 55,Sunday,4212.50,UPI
CUST000350,5,Books Stationery,13 09,Saturday,1989.28,CASH
CUST000351,4,Home Kitchen,17 03,Monday,7971.60,CARD
CUST000352,2,Books Stationery,02 56,Tuesday,1009.02,CARD
CUST000353,6,Beauty Personal Care,21 48,Saturday,379.49,CASH
CUST000354,3,Fashion,16 50,Monday,1202.34,CASH
CUST000355,5,Beauty Personal Care,17 24,Monday,465.18,UPI
CUST000356,6,Electronics,21 26,Saturday,30166.49,CARD
CUST000357,5,Electronics,21 39,Thursday,2429.71,UPI
CUST000358,3,Beauty Personal Care,21 28,Wednesday,2771.82,UPI
CUST000359,2,Toys Games,12 38,Sunday,4140.34,UPI
CUST000360,1,Books Stationery,07 56,Thursday,194.66,UPI
CUST000361,2,Sports Fitness,19 42,Saturday,8968.49,CARD
CUST000362,5,Home Kitchen,14 53,Saturday,7026.34,CARD
CUST000363,6,Grocery,15 21,Wednesday,602.67,CASH
CUST000364,5,Home Kitchen,09 11,Wednesday,424.90,UPI
CUST000365,4,Sports Fitness,03 01,Tuesday,7524.67,CASH
CUST000366,3,Home Kitchen,04 58,Sunday,2329.35,CASH
CUST000367,3,Fashion,04 54,Friday,2190.25,UPI
CUST000368,1,Food,03 26,Thursday,596.80,CARD
CUST000369,1,Food,00 55,Wednesday,394.67,UPI
CUST000370,2,Beauty Personal Care,02 01,Wednesday,829.32,UPI
CUST000371,3,Electronics,14 18,Sunday,10818.70,CARD
CUST000372,3,Food,05 09,Tuesday,151.59,UPI
CUST000373,6,Home Kitchen,02 14,Saturday,1234.64,CASH
CUST000374,1,Beauty Personal Care,16 32,Saturday,514.80,CARD
CUST000375,4,Beauty Personal Care,02 27,Friday,2664.45,CARD
CUST000376,6,Grocery,10 14,Friday,1893.26,CARD
CUST000377,2,Home Kitchen,01 51,Saturday,5384.50,CARD
CUST000378,2,Electronics,02 55,Monday,23518.35,CARD
CUST000379,4,Fashion,01 41,Wednesday,996.14,CASH
CUST000380,3,Toys Games,16 00,Saturday,1022.70,CARD
CUST000381,6,Grocery,06 16,Thursday,712.00,UPI
CUST000382,4,Electronics,23 45,Sunday,41905.16,UPI
CUST000383,6,Sports Fitness,04 10,Wednesday,5132.48,CASH
CUST000384,2,Home Kitchen,22 55,Sunday,7809.69,UPI
CUST000385,6,Food,01 59,Sunday,775.45,CARD
CUST000386,4,Beauty Personal Care,09 34,Wednesday,651.27,UPI
CUST000387,3,Beauty Personal Care,07 47,Friday,1689.97,UPI
CUST000388,6,Fashion,18 21,Thursday,4967.80,UPI
CUST000389,6,Grocery,01 16,Monday,1321.21,UPI
CUST000390,1,Sports Fitness,12 47,Thursday,4503.39,CARD
CUST000391,6,Toys Games,07 38,Thursday,2109.51,CARD
CUST000392,2,Books Stationery,00 22,Wednesday,754.67,CASH
CUST000393,6,Books Stationery,07 24,Thursday,353.45,UPI
CUST000394,3,Books Stationery,09 07,Tuesday,1760.79,UPI
CUST000395,3,Beauty Personal Care,16 06,Wednesday,1873.81,UPI
CUST000396,5,Electronics,10 06,Saturday,9698.48,UPI
CUST000397,2,Grocery,08 49,Friday,2401.24,UPI
CUST000398,3,Electronics,03 14,Wednesday,10358.09,UPI
CUST000399,1,Grocery,23 28,Monday,2830.41,UPI
CUST000400,4,Grocery,01 19,Sunday,2800.76,CASH
CUST000401,5,Home Kitchen,06 21,Thursday,618.12,CASH
CUST000402,2,Grocery,23 35,Monday,2010.90,CARD
CUST000403,4,Fashion,17 33,Wednesday,3422.10,UPI
CUST000404,5,Beauty Personal Care,20 25,Wednesday,496.40,UPI
CUST000405,5,Beauty Personal Care,04 06,Wednesday,2864.39,CARD
CUST000406,2,Books Stationery,02 33,Thursday,1662.08,CASH
CUST000407,3,Fashion,03 06,Friday,1628.97,CASH
CUST000408,3,Beauty Personal Care,10 10,Tuesday,2497.83,CASH
CUST000409,4,Beauty Personal Care,23 49,Monday,1010.13,CASH
CUST000410,6,Electronics,08 44,Thursday,26454.02,CARD
CUST000411,4,Food,06 33,Wednesday,590.96,CARD
CUST000412,2,Home Kitchen,00 06,Saturday,6735.54,UPI
CUST000413,5,Toys Games,16 52,Friday,2918.23,UPI
CUST000414,1,Sports Fitness,11 11,Wednesday,1288.52,UPI
CUST000415,5,Electronics,00 40,Tuesday,25036.00,CARD
CUST000416,1,Food,03 31,Friday,189.11,CASH
CUST000417,3,Fashion,10 45,Monday,4441.55,CARD
CUST000418,1,Food,11 12,Friday,392.16,UPI
CUST000419,6,Healthcare,22 39,Saturday,374.84,CASH
CUST000420,5,Electronics,20 31,Friday,5712.89,UPI
CUST000421,1,Home Kitchen,13 59,Thursday,1965.02,CASH
CUST000422,6,Home Kitchen,17 29,Saturday,5144.34,CASH
CUST000423,2,Home Kitchen,14 43,Sunday,2959.72,UPI
CUST000424,6,Grocery,22 46,Monday,2644.50,UPI
CUST000425,3,Toys Games,22 51,Sunday,2012.90,UPI
CUST000426,2,Beauty Personal Care,18 29,Saturday,2918.27,UPI
CUST000427,3,Food,16 47,Sunday,284.05,UPI
CUST000428,2,Grocery,01 56,Tuesday,1642.75,CASH
CUST000429,6,Beauty Personal Care,05 46,Friday,2074.48,CASH
CUST000430,4,Home Kitchen,01 15,Thursday,9320.29,CARD
CUST000431,2,Toys Games,09 35,Monday,2777.93,UPI
CUST000432,2,Books Stationery,18 50,Tuesday,494.67,CASH
CUST000433,5,Sports Fitness,07 30,Thursday,3032.87,UPI
CUST000434,6,Healthcare,11 35,Friday,173.85,CASH
CUST000435,4,Grocery,01 06,Sunday,951.87,CASH
CUST000436,2,Sports Fitness,15 24,Monday,7798.58,CARD
CUST000437,2,Toys Games,15 31,Tuesday,254.72,CASH
CUST000438,1,Beauty Personal Care,05 07,Sunday,1291.96,CASH
CUST000439,1,Electronics,07 48,Thursday,4681.62,CARD
CUST000440,2,Toys Games,03 45,Sunday,2581.44,CASH
CUST000441,2,Healthcare,05 53,Sunday,3165.75,CASH
CUST000442,1,Home Kitchen,21 02,Monday,1437.50,UPI
CUST000443,5,Fashion,04 02,Sunday,699.49,CASH
CUST000444,4,Electronics,15 51,Friday,16389.49,CARD
CUST000445,5,Electronics,04 00,Monday,46751.77,CASH
CUST000446,6,Books Stationery,08 50,Monday,1082.52,UPI
CUST000447,2,Food,05 31,Saturday,322.00,CARD
CUST000448,6,Toys Games,22 26,Sunday,1249.09,CARD
CUST000449,3,Sports Fitness,07 23,Monday,1303.35,CARD
CUST000450,4,Electronics,06 41,Friday,11782.37,CASH
CUST000451,2,Home Kitchen,12 29,Wednesday,4349.58,CARD
CUST000452,3,Fashion,02 45,Friday,2438.57,CARD
CUST000453,5,Toys Games,23 17,Saturday,1392.13,CASH
CUST000454,4,Food,21 16,Monday,133.09,UPI
CUST000455,4,Beauty Personal Care,22 31,Friday,1703.78,CARD
CUST000456,1,Books Stationery,16 29,Saturday,1918.09,UPI
CUST000457,6,Electronics,19 08,Thursday,4702.87,CARD
CUST000458,6,Books Stationery,21 13,Thursday,415.03,UPI
CUST000459,3,Toys Games,20 11,Saturday,2276.09,CARD
CUST000460,1,Food,23 33,Tuesday,363.98,UPI
CUST000461,5,Sports Fitness,00 17,Friday,13066.94,CARD
CUST000462,6,Toys Games,11 29,Tuesday,3550.00,UPI
CUST000463,4,Beauty Personal Care,12 44,Sunday,2646.35,CARD
CUST000464,6,Food,05 26,Thursday,68.55,CARD
CUST000465,5,Electronics,10 30,Friday,3748.67,CARD
CUST000466,1,Home Kitchen,04 02,Tuesday,2998.88,CARD
CUST000467,1,Electronics,07 12,Friday,1122.55,UPI
CUST000468,6,Grocery,22 14,Wednesday,1811.16,UPI
CUST000469,6,Fashion,20 42,Thursday,4600.81,CARD
CUST000470,5,Beauty Personal Care,14 09,Monday,765.82,UPI
CUST000471,4,Toys Games,08 40,Sunday,759.00,CASH
CUST000472,1,Electronics,01 08,Thursday,37639.72,CARD
CUST000473,2,Books Stationery,05 04,Tuesday,1631.42,CASH
CUST000474,5,Books Stationery,04 40,Friday,165.47,UPI
CUST000475,6,Sports Fitness,10 32,Sunday,1946.12,UPI
CUST000476,4,Toys Games,19 11,Sunday,3479.38,CARD
CUST000477,3,Grocery,22 16,Saturday,2342.05,UPI
CUST000478,2,Sports Fitness,18 53,Tuesday,14267.53,CASH
CUST000479,5,Beauty Personal Care,16 47,Thursday,2472.34,CARD
CUST000480,3,Electronics,10 02,Saturday,12493.64,CASH
CUST000481,5,Home Kitchen,23 57,Wednesday,5609.73,CARD
CUST000482,3,Sports Fitness,07 18,Monday,9266.27,UPI
CUST000483,2,Electronics,05 51,Monday,14196.53,CARD
CUST000484,1,Fashion,02 14,Wednesday,2694.67,UPI
CUST000485,5,Electronics,13 26,Friday,13923.79,CASH
CUST000486,2,Home Kitchen,07 00,Sunday,3546.70,CASH
CUST000487,6,Beauty Personal Care,22 17,Monday,1899.48,UPI
CUST000488,2,Grocery,23 46,Monday,1904.27,CASH
CUST000489,5,Beauty Personal Care,08 06,Friday,2833.53,CASH
CUST000490,6,Home Kitchen,05 36,Monday,9527.44,CASH
CUST000491,1,Sports Fitness,02 32,Tuesday,11200.13,CARD
CUST000492,1,Electronics,21 07,Saturday,11134.65,CARD
CUST000493,2,Healthcare,17 29,Monday,1687.42,CASH
CUST000494,4,Electronics,15 09,Monday,10905.05,CASH
CUST000495,1,Home Kitchen,05 07,Saturday,9524.72,CARD
CUST000496,6,Healthcare,21 46,Saturday,4995.14,CASH
CUST000497,2,Home Kitchen,02 28,Friday,9194.99,UPI
CUST000498,6,Books Stationery,12 20,Saturday,142.00,CASH
CUST000499,4,Grocery,08 35,Monday,1583.21,CASH
CUST000500,1,Food,17 23,Wednesday,418.28,CASH
CUST000501,3,Electronics,01 24,Sunday,45422.83,CASH
CUST000502,5,Healthcare,08 51,Friday,2810.74,CARD
CUST000503,1,Books Stationery,15 22,Wednesday,334.83,CASH
CUST000504,4,Food,19 28,Sunday,498.47,UPI
CUST000505,1,Books Stationery,16 02,Thursday,103.41,CASH
CUST000506,5,Home Kitchen,14 11,Wednesday,3745.00,UPI
CUST000507,6,Fashion,01 40,Friday,2167.90,UPI
CUST000508,3,Sports Fitness,09 11,Thursday,3082.12,CASH
CUST000509,1,Healthcare,09 53,Thursday,2888.14,CASH
CUST000510,1,Food,21 59,Saturday,731.03,UPI
CUST000511,2,Fashion,06 10,Friday,2863.74,CASH
CUST000512,2,Books Stationery,20 00,Tuesday,826.84,UPI
CUST000513,1,Grocery,12 27,Thursday,575.00,UPI
CUST000514,6,Fashion,07 51,Monday,1381.41,UPI
CUST000515,2,Healthcare,03 28,Sunday,3139.35,CASH
CUST000516,2,Fashion,19 41,Saturday,3798.52,CARD
CUST000517,4,Toys Games,13 09,Thursday,4556.94,CASH
CUST000518,5,Fashion,02 28,Friday,3860.13,UPI
CUST000519,2,Electronics,01 09,Saturday,40880.18,CARD
CUST000520,6,Sports Fitness,15 38,Saturday,684.88,CASH
CUST000521,2,Toys Games,08 43,Friday,4604.32,UPI
CUST000522,2,Sports Fitness,11 52,Thursday,501.52,CARD
CUST000523,1,Food,23 23,Sunday,199.85,CASH
CUST000524,3,Healthcare,06 12,Saturday,3153.77,CASH
CUST000525,4,Grocery,01 13,Friday,2675.58,UPI
CUST000526,2,Toys Games,18 34,Tuesday,4187.52,CASH
CUST000527,3,Healthcare,10 00,Tuesday,192.08,CASH
CUST000528,2,Grocery,01 46,Sunday,2434.69,CARD
CUST000529,6,Electronics,11 17,Thursday,18893.21,CASH
CUST000530,3,Grocery,05 51,Tuesday,282.68,CASH
CUST000531,1,Toys Games,00 18,Wednesday,1295.76,CARD
CUST000532,1,Healthcare,13 03,Friday,3140.43,UPI
CUST000533,1,Toys Games,02 53,Saturday,4619.23,CARD
CUST000534,3,Toys Games,11 28,Monday,2722.54,UPI
CUST000535,2,Food,17 35,Saturday,145.75,CARD
CUST000536,1,Books Stationery,17 52,Monday,907.41,CASH
CUST000537,3,Beauty Personal Care,08 37,Monday,2987.58,UPI
CUST000538,1,Electronics,02 54,Tuesday,3584.01,UPI
CUST000539,5,Grocery,01 28,Sunday,2567.54,UPI
CUST000540,1,Books Stationery,19 04,Saturday,1827.03,UPI
CUST000541,6,Home Kitchen,11 31,Wednesday,2046.71,CARD
CUST000542,2,Food,07 57,Thursday,697.73,UPI
CUST000543,5,Toys Games,14 09,Saturday,3960.38,UPI
CUST000544,3,Beauty Personal Care,09 55,Sunday,476.43,CASH
CUST000545,5,Grocery,12 37,Wednesday,1867.75,CARD
CUST000546,4,Books Stationery,20 03,Monday,1849.43,CASH
CUST000547,4,Books Stationery,13 42,Saturday,206.74,UPI
CUST000548,1,Books Stationery,18 59,Wednesday,693.89,CASH
CUST000549,2,Sports Fitness,19 00,Tuesday,6411.97,CASH
CUST000550,1,Books Stationery,02 01,Friday,833.52,UPI
CUST000551,1,Home Kitchen,13 17,Wednesday,8878.83,UPI
CUST000552,5,Electronics,10 16,Tuesday,18021.43,CARD
CUST000553,2,Toys Games,20 30,Friday,560.80,UPI
CUST000554,1,Beauty Personal Care,01 09,Sunday,1855.19,UPI
CUST000555,2,Toys Games,10 14,Thursday,2381.54,CARD
CUST000556,2,Sports Fitness,21 10,Monday,12002.00,UPI
CUST000557,4,Healthcare,02 13,Saturday,3060.47,CARD
CUST000558,1,Healthcare,01 58,Tuesday,505.85,UPI
CUST000559,3,Grocery,12 05,Monday,1776.29,CASH
CUST000560,3,Sports Fitness,04 33,Tuesday,3579.79,UPI
CUST000561,4,Fashion,19 29,Wednesday,3724.87,UPI
CUST000562,5,Sports Fitness,01 03,Sunday,9327.71,CARD
CUST000563,1,Healthcare,04 37,Thursday,2178.67,CARD
CUST000564,1,Books Stationery,18 45,Friday,1860.22,UPI
CUST000565,3,Grocery,13 45,Monday,2547.69,UPI
CUST000566,1,Sports Fitness,21 32,Saturday,9140.70,UPI
CUST000567,2,Electronics,21 27,Saturday,9462.36,CARD
CUST000568,5,Toys Games,22 24,Thursday,1059.47,CASH
CUST000569,3,Books Stationery,20 39,Saturday,1001.26,UPI
CUST000570,5,Electronics,03 08,Saturday,22938.56,CASH
CUST000571,3,Toys Games,20 09,Sunday,1614.87,UPI
CUST000572,4,Beauty Personal Care,03 26,Wednesday,1714.94,CARD
CUST000573,5,Electronics,18 01,Saturday,5563.41,CARD
CUST000574,5,Books Stationery,15 51,Friday,979.12,CASH
CUST000575,3,Toys Games,03 04,Thursday,1437.70,CASH
CUST000576,3,Books Stationery,02 37,Saturday,1883.44,CASH
CUST000577,1,Food,07 32,Saturday,259.90,CASH
CUST000578,6,Home Kitchen,21 04,Monday,4042.09,CASH
CUST000579,3,Electronics,13 29,Tuesday,27042.42,CASH
CUST000580,6,Sports Fitness,01 09,Tuesday,6181.36,UPI
CUST000581,6,Healthcare,03 33,Wednesday,1442.64,CARD
CUST000582,2,Grocery,08 48,Friday,1760.55,CARD
CUST000583,6,Books Stationery,13 16,Saturday,1944.73,CASH
CUST000584,3,Grocery,22 12,Wednesday,2803.69,CARD
CUST000585,2,Books Stationery,08 05,Tuesday,1727.88,UPI
CUST000586,5,Toys Games,01 51,Sunday,2288.72,CARD
CUST000587,5,Beauty Personal Care,21 41,Thursday,1877.00,CARD
CUST000588,5,Fashion,13 56,Tuesday,2086.38,UPI
CUST000589,2,Toys Games,09 38,Thursday,506.54,CARD
CUST000590,2,Fashion,16 56,Friday,3795.12,CASH
CUST000591,6,Grocery,05 34,Thursday,1671.49,CASH
CUST000592,1,Healthcare,22 13,Wednesday,3860.78,CARD
CUST000593,5,Grocery,19 31,Friday,2516.37,CASH
CUST000594,2,Sports Fitness,10 37,Monday,3130.02,CARD
CUST000595,2,Books Stationery,09 40,Wednesday,1760.60,CASH
CUST000596,1,Electronics,01 14,Thursday,37648.28,CASH
CUST000597,3,Electronics,00 25,Saturday,25737.66,CARD
CUST000598,1,Sports Fitness,05 04,Wednesday,11284.93,CARD
CUST000599,3,Toys Games,11 59,Thursday,663.82,CARD
CUST000600,2,Home Kitchen,22 55,Sunday,8836.32,CASH
CUST000601,5,Electronics,16 04,Friday,33877.91,CARD
CUST000602,5,Toys Games,06 20,Sunday,4839.30,UPI
CUST000603,4,Sports Fitness,14 26,Tuesday,13618.66,UPI
CUST000604,1,Grocery,20 46,Sunday,605.33,CASH
CUST000605,1,Home Kitchen,09 04,Friday,6838.80,UPI
CUST000606,6,Electronics,00 31,Tuesday,30522.01,UPI
CUST000607,4,Books Stationery,13 09,Wednesday,1661.30,UPI
CUST000608,1,Electronics,05 41,Sunday,3986.73,UPI
CUST000609,3,Grocery,10 17,Tuesday,2551.26,UPI
CUST000610,3,Fashion,04 50,Wednesday,1130.66,UPI
CUST000611,2,Electronics,04 39,Saturday,4935.86,CASH
CUST000612,6,Food,16 26,Friday,307.24,CASH
CUST000613,3,Electronics,11 31,Thursday,3355.38,CARD
CUST000614,5,Food,16 48,Monday,294.45,UPI
CUST000615,2,Electronics,19 00,Saturday,29945.40,UPI
CUST000616,2,Toys Games,05 58,Thursday,2651.03,UPI
CUST000617,4,Home Kitchen,20 21,Monday,9260.36,CARD
CUST000618,6,Electronics,21 26,Saturday,18914.78,CARD
CUST000619,3,Grocery,09 30,Wednesday,986.64,UPI
CUST000620,5,Home Kitchen,15 25,Monday,8378.53,CASH
CUST000621,2,Home Kitchen,03 34,Sunday,3604.09,CASH
CUST000622,5,Electronics,04 28,Tuesday,36827.76,CARD
CUST000623,1,Food,07 49,Friday,295.58,UPI
CUST000624,5,Toys Games,08 55,Sunday,3558.09,CARD
CUST000625,3,Food,09 32,Wednesday,699.33,CARD
CUST000626,6,Healthcare,11 32,Wednesday,4592.50,CARD
CUST000627,1,Food,23 44,Tuesday,518.71,CARD
CUST000628,2,Home Kitchen,23 23,Sunday,7699.79,CASH
CUST000629,3,Electronics,14 48,Thursday,35167.72,CASH
CUST000630,3,Sports Fitness,18 39,Monday,13008.40,CARD
CUST000631,1,Toys Games,10 46,Friday,1522.76,CARD
CUST000632,1,Books Stationery,22 04,Wednesday,228.54,CARD
CUST000633,1,Healthcare,07 50,Friday,1192.60,CARD
CUST000634,1,Grocery,17 42,Thursday,336.80,UPI
CUST000635,2,Home Kitchen,21 24,Wednesday,9625.71,CASH
CUST000636,2,Fashion,08 11,Monday,1571.81,CARD
CUST000637,6,Food,21 02,Monday,673.76,UPI
CUST000638,4,Home Kitchen,12 30,Tuesday,1897.43,CASH
CUST000639,3,Sports Fitness,00 02,Monday,14332.38,UPI
CUST000640,2,Sports Fitness,11 57,Thursday,13223.38,CASH
CUST000641,4,Grocery,01 44,Monday,2736.51,CARD
CUST000642,5,Books Stationery,08 02,Friday,282.83,CASH
CUST000643,1,Fashion,06 21,Saturday,1516.85,UPI
CUST000644,6,Healthcare,21 50,Sunday,4786.27,CASH
CUST000645,4,Fashion,08 29,Tuesday,1596.36,CARD
CUST000646,3,Beauty Personal Care,10 22,Wednesday,1770.21,UPI
CUST000647,6,Grocery,12 02,Tuesday,423.77,CASH
CUST000648,2,Toys Games,03 00,Monday,3771.48,CASH
CUST000649,5,Electronics,11 10,Friday,6503.86,UPI
CUST000650,5,Grocery,07 49,Monday,2705.19,CASH
CUST000651,5,Food,21 12,Sunday,701.66,CARD
CUST000652,5,Books Stationery,23 25,Wednesday,1780.01,UPI
CUST000653,6,Beauty Personal Care,20 47,Sunday,1184.12,CASH
CUST000654,5,Fashion,17 44,Tuesday,1472.51,CASH
CUST000655,4,Electronics,08 41,Wednesday,11999.14,CARD
CUST000656,2,Electronics,18 25,Friday,21665.02,CASH
CUST000657,4,Grocery,05 30,Tuesday,2603.94,CARD
CUST000658,6,Grocery,11 20,Sunday,1014.96,CARD
CUST000659,2,Beauty Personal Care,06 47,Saturday,612.89,CARD
CUST000660,6,Healthcare,05 05,Wednesday,3915.08,UPI
CUST000661,2,Books Stationery,09 16,Friday,438.86,CASH
CUST000662,2,Grocery,04 29,Monday,2388.18,CASH
CUST000663,6,Electronics,01 38,Thursday,9864.66,CARD
CUST000664,6,Fashion,22 39,Sunday,4969.01,CASH
CUST000665,3,Healthcare,08 16,Tuesday,886.33,CARD
CUST000666,3,Home Kitchen,22 42,Wednesday,2289.24,CARD
CUST000667,5,Food,23 11,Thursday,481.97,CASH
CUST000668,4,Sports Fitness,02 51,Monday,11064.99,CARD
CUST000669,1,Home Kitchen,18 04,Tuesday,962.62,CARD
CUST000670,1,Books Stationery,11 14,Monday,1553.63,CARD
CUST000671,2,Books Stationery,23 29,Monday,932.01,CARD
CUST000672,5,Grocery,21 18,Thursday,572.68,CASH
CUST000673,2,Food,12 46,Wednesday,545.52,UPI
CUST000674,6,Electronics,23 59,Saturday,1673.37,CARD
CUST000675,1,Home Kitchen,06 44,Thursday,795.11,CASH
CUST000676,3,Home Kitchen,22 16,Saturday,8635.84,CARD
CUST000677,2,Books Stationery,09 41,Tuesday,991.93,CASH
CUST000678,5,Fashion,21 26,Saturday,3474.43,CARD
CUST000679,3,Home Kitchen,16 52,Thursday,6463.48,CARD
CUST000680,1,Healthcare,19 32,Wednesday,4854.15,UPI
CUST000681,5,Grocery,21 36,Friday,1701.50,UPI
CUST000682,4,Electronics,00 47,Sunday,3759.57,CASH
CUST000683,5,Beauty Personal Care,19 39,Monday,1383.15,CASH
CUST000684,1,Food,08 31,Monday,385.10,CARD
CUST000685,5,Healthcare,13 48,Sunday,1413.29,UPI
CUST000686,3,Grocery,02 43,Wednesday,915.25,CARD
CUST000687,3,Books Stationery,13 20,Tuesday,769.74,CARD
CUST000688,6,Beauty Personal Care,22 31,Wednesday,1736.95,UPI
CUST000689,1,Healthcare,21 13,Monday,4616.45,UPI
CUST000690,6,Home Kitchen,21 18,Tuesday,6599.95,CASH
CUST000691,2,Sports Fitness,18 24,Tuesday,9029.68,CARD
CUST000692,6,Beauty Personal Care,11 23,Monday,893.10,UPI
CUST000693,4,Sports Fitness,18 03,Sunday,6085.01,CASH
CUST000694,1,Healthcare,02 32,Sunday,4323.80,UPI
CUST000695,3,Electronics,04 01,Tuesday,1541.58,CARD
CUST000696,3,Fashion,01 28,Tuesday,4250.12,CASH
CUST000697,1,Beauty Personal Care,22 42,Sunday,2538.75,CARD
CUST000698,2,Food,22 14,Tuesday,624.46,CARD
CUST000699,3,Fashion,18 29,Sunday,1554.14,CARD
CUST000700,1,Fashion,03 28,Saturday,4952.71,CARD
CUST000701,2,Electronics,17 16,Friday,16646.86,UPI
CUST000702,5,Books Stationery,19 20,Wednesday,431.94,CASH
CUST000703,5,Fashion,23 25,Wednesday,3847.00,UPI
CUST000704,1,Healthcare,19 15,Thursday,929.07,UPI
CUST000705,1,Books Stationery,09 14,Saturday,478.51,UPI
CUST000706,6,Books Stationery,18 10,Wednesday,1263.24,CASH
CUST000707,6,Home Kitchen,19 22,Sunday,3870.67,CASH
CUST000708,3,Grocery,19 42,Sunday,1951.24,CARD
CUST000709,3,Books Stationery,01 07,Wednesday,1628.25,CASH
CUST000710,1,Electronics,19 39,Monday,35397.14,UPI
CUST000711,5,Electronics,17 41,Wednesday,35889.08,CASH
CUST000712,3,Grocery,10 03,Monday,2921.02,CARD
CUST000713,6,Healthcare,00 30,Friday,1232.50,UPI
CUST000714,2,Grocery,21 08,Thursday,1728.18,UPI
CUST000715,5,Electronics,14 17,Wednesday,39198.48,CASH
CUST000716,2,Healthcare,11 28,Saturday,2676.90,CARD
CUST000717,1,Toys Games,07 05,Sunday,2682.94,CARD
CUST000718,6,Beauty Personal Care,00 44,Monday,1658.58,CASH
CUST000719,4,Grocery,14 18,Wednesday,1035.99,CASH
CUST000720,1,Sports Fitness,09 21,Wednesday,14164.62,UPI
CUST000721,2,Beauty Personal Care,00 03,Friday,1425.42,UPI
CUST000722,3,Sports Fitness,12 39,Sunday,2596.69,UPI
CUST000723,5,Toys Games,17 28,Monday,3090.01,CASH
CUST000724,5,Sports Fitness,04 40,Tuesday,2078.70,CARD
CUST000725,2,Beauty Personal Care,21 02,Wednesday,2215.80,CASH
CUST000726,5,Fashion,00 01,Thursday,3944.13,UPI
CUST000727,6,Electronics,02 36,Monday,4020.51,CASH
CUST000728,2,Electronics,19 32,Tuesday,32983.01,UPI
CUST000729,2,Electronics,20 08,Sunday,9374.14,UPI
CUST000730,3,Fashion,06 36,Thursday,3624.37,UPI
CUST000731,5,Healthcare,00 23,Wednesday,3823.47,UPI
CUST000732,2,Toys Games,04 58,Monday,1021.25,UPI
CUST000733,1,Food,21 38,Sunday,634.31,UPI
CUST000734,5,Beauty Personal Care,16 12,Saturday,2894.94,CASH
CUST000735,2,Grocery,14 13,Monday,1010.09,CASH
CUST000736,2,Home Kitchen,13 37,Wednesday,6005.75,CASH
CUST000737,5,Toys Games,12 20,Tuesday,3693.19,UPI
CUST000738,1,Toys Games,08 13,Saturday,3967.02,CARD
CUST000739,2,Electronics,11 25,Tuesday,30342.87,CARD
CUST000740,2,Fashion,06 22,Friday,1572.64,CASH
CUST000741,6,Home Kitchen,19 17,Saturday,3908.76,CARD
CUST000742,2,Fashion,12 09,Friday,3029.21,UPI
CUST000743,4,Fashion,23 05,Sunday,808.21,CASH
CUST000744,1,Sports Fitness,03 12,Saturday,9021.90,UPI
CUST000745,5,Books Stationery,02 04,Sunday,1698.76,CASH
CUST000746,6,Grocery,08 29,Thursday,1325.64,CARD
CUST000747,3,Beauty Personal Care,07 38,Friday,1817.42,CASH
CUST000748,6,Food,05 35,Wednesday,338.39,CARD
CUST000749,1,Books Stationery,02 24,Thursday,1891.15,CASH
CUST000750,2,Books Stationery,20 47,Saturday,337.09,CARD
CUST000751,4,Sports Fitness,08 40,Tuesday,13684.36,UPI
CUST000752,3,Sports Fitness,10 00,Saturday,8447.74,CARD
CUST000753,5,Sports Fitness,07 08,Thursday,12102.14,CASH
CUST000754,6,Healthcare,11 17,Saturday,4152.77,UPI
CUST000755,1,Home Kitchen,22 41,Saturday,1393.40,CARD
CUST000756,2,Electronics,03 06,Wednesday,22605.44,UPI
CUST000757,4,Electronics,08 33,Saturday,46629.28,CASH
CUST000758,2,Toys Games,06 11,Tuesday,968.42,UPI
CUST000759,2,Healthcare,15 42,Sunday,1236.58,UPI
CUST000760,2,Grocery,11 12,Wednesday,1999.55,UPI
CUST000761,3,Grocery,04 48,Wednesday,2390.46,CASH
CUST000762,3,Beauty Personal Care,02 46,Friday,2140.18,UPI
CUST000763,1,Home Kitchen,07 30,Tuesday,1202.55,CASH
CUST000764,1,Sports Fitness,16 09,Wednesday,6796.97,CARD
CUST000765,4,Beauty Personal Care,19 39,Saturday,1775.09,CARD
CUST000766,5,Food,11 50,Wednesday,191.22,UPI
CUST000767,4,Fashion,09 05,Thursday,4261.19,CARD
CUST000768,1,Food,13 22,Friday,256.51,CARD
CUST000769,3,Books Stationery,17 45,Tuesday,1859.96,CARD
CUST000770,4,Fashion,05 57,Sunday,1308.47,CARD
CUST000771,5,Beauty Personal Care,12 18,Saturday,1168.53,CARD
CUST000772,3,Beauty Personal Care,03 33,Tuesday,2524.59,CARD
CUST000773,2,Grocery,08 57,Monday,774.99,CARD
CUST000774,4,Fashion,13 43,Thursday,1332.88,CASH
CUST000775,6,Food,13 36,Tuesday,249.46,CASH
CUST000776,2,Beauty Personal Care,19 12,Thursday,1234.25,CASH
CUST000777,5,Home Kitchen,06 39,Tuesday,9853.64,CASH
CUST000778,5,Fashion,17 35,Monday,867.85,CASH
CUST000779,5,Books Stationery,19 33,Saturday,226.39,CASH
CUST000780,4,Food,11 32,Thursday,116.33,CASH
CUST000781,2,Toys Games,22 45,Tuesday,3427.44,CASH
CUST000782,4,Food,07 06,Thursday,310.14,CARD
CUST000783,3,Beauty Personal Care,21 16,Thursday,811.34,CARD
CUST000784,1,Food,08 24,Thursday,488.57,CARD
CUST000785,5,Home Kitchen,15 15,Thursday,2343.76,CARD
CUST000786,3,Beauty Personal Care,02 35,Tuesday,465.13,CASH
CUST000787,1,Toys Games,12 05,Saturday,3617.50,CARD
CUST000788,4,Toys Games,03 57,Sunday,4104.61,CASH
CUST000789,2,Home Kitchen,14 55,Saturday,2766.82,CARD
CUST000790,6,Toys Games,03 20,Sunday,1818.63,CASH
CUST000791,5,Sports Fitness,16 24,Wednesday,14756.16,CASH
CUST000792,4,Electronics,19 14,Saturday,24268.46,CASH
CUST000793,3,Home Kitchen,09 53,Sunday,6337.99,CASH
CUST000794,4,Books Stationery,18 13,Saturday,1180.42,CASH
CUST000795,3,Electronics,17 03,Friday,39337.22,CARD
CUST000796,4,Electronics,18 34,Sunday,33318.36,CARD
CUST000797,4,Home Kitchen,08 04,Thursday,8135.21,CARD
CUST000798,5,Toys Games,09 55,Sunday,4854.20,UPI
CUST000799,3,Healthcare,00 52,Thursday,3709.00,CASH
CUST000800,1,Beauty Personal Care,06 26,Monday,1331.48,CARD
CUST000801,1,Beauty Personal Care,05 37,Monday,2244.36,CARD
CUST000802,2,Healthcare,17 10,Sunday,4176.50,CARD
CUST000803,6,Healthcare,11 14,Monday,1433.02,CASH
CUST000804,1,Books Stationery,02 36,Saturday,1792.95,UPI
CUST000805,1,Sports Fitness,20 00,Monday,12892.06,CASH
CUST000806,1,Healthcare,20 04,Monday,2855.77,CASH
CUST000807,4,Healthcare,11 23,Tuesday,4222.45,CASH
CUST000808,5,Beauty Personal Care,12 30,Wednesday,1823.77,CASH
CUST000809,2,Sports Fitness,19 13,Wednesday,6700.10,CASH
CUST000810,2,Toys Games,12 26,Friday,4814.48,CARD
CUST000811,2,Electronics,22 53,Wednesday,12140.75,CARD
CUST000812,1,Toys Games,00 39,Thursday,4876.04,CARD
CUST000813,2,Sports Fitness,17 12,Thursday,6290.50,UPI
CUST000814,3,Fashion,09 13,Friday,1384.52,CASH
CUST000815,6,Healthcare,14 04,Saturday,2874.48,UPI
CUST000816,4,Electronics,14 31,Thursday,35415.49,CARD
CUST000817,1,Sports Fitness,03 16,Thursday,9372.77,CARD
CUST000818,3,Beauty Personal Care,15 14,Tuesday,2841.74,CASH
CUST000819,4,Food,07 53,Wednesday,100.96,CARD
CUST000820,2,Home Kitchen,06 23,Wednesday,6978.54,CARD
CUST000821,6,Toys Games,02 02,Wednesday,3365.58,CARD
CUST000822,6,Fashion,17 47,Thursday,1636.06,UPI
CUST000823,1,Healthcare,10 46,Monday,1036.42,CASH
CUST000824,3,Fashion,02 28,Wednesday,2655.62,CASH
CUST000825,5,Books Stationery,20 16,Monday,1696.03,CARD
CUST000826,6,Beauty Personal Care,22 53,Tuesday,932.87,CARD
CUST000827,5,Books Stationery,22 55,Sunday,1189.06,UPI
CUST000828,6,Beauty Personal Care,19 32,Sunday,1006.64,UPI
CUST000829,6,Electronics,22 00,Sunday,12491.02,CASH
CUST000830,1,Sports Fitness,13 44,Tuesday,911.51,CASH
CUST000831,5,Fashion,15 06,Saturday,2006.39,CASH
CUST000832,2,Fashion,13 38,Thursday,4105.47,CASH
CUST000833,3,Toys Games,19 21,Wednesday,231.17,CASH
CUST000834,3,Grocery,10 45,Thursday,712.12,CARD
CUST000835,6,Toys Games,08 18,Wednesday,3042.54,UPI
CUST000836,1,Sports Fitness,04 19,Thursday,12512.71,UPI
CUST000837,6,Sports Fitness,13 28,Saturday,11210.76,UPI
CUST000838,5,Grocery,03 53,Tuesday,1108.67,CARD
CUST000839,2,Fashion,07 14,Sunday,944.98,CARD
CUST000840,3,Sports Fitness,11 43,Saturday,925.81,CARD
CUST000841,3,Fashion,19 53,Saturday,671.68,CASH
CUST000842,4,Books Stationery,08 13,Monday,596.96,UPI
CUST000843,1,Healthcare,08 49,Thursday,3284.52,CARD
CUST000844,6,Healthcare,17 46,Thursday,464.86,CASH
CUST000845,1,Food,16 04,Thursday,416.13,CARD
CUST000846,5,Books Stationery,23 22,Saturday,340.62,CASH
CUST000847,3,Beauty Personal Care,17 38,Thursday,1094.23,UPI
CUST000848,6,Sports Fitness,21 25,Thursday,1014.92,CASH
CUST000849,2,Healthcare,12 16,Saturday,4973.95,CARD
CUST000850,5,Fashion,08 09,Saturday,814.57,CASH
CUST000851,3,Electronics,13 42,Friday,34326.49,CASH
CUST000852,4,Books Stationery,09 36,Friday,285.56,CASH
CUST000853,6,Food,21 38,Thursday,94.08,UPI
CUST000854,4,Toys Games,10 19,Thursday,2750.32,CARD
CUST000855,2,Healthcare,16 10,Saturday,4619.43,CARD
CUST000856,5,Food,17 00,Sunday,669.87,CASH
CUST000857,2,Sports Fitness,06 46,Sunday,6733.82,CASH
CUST000858,5,Food,12 14,Tuesday,287.68,CASH
CUST000859,5,Sports Fitness,02 55,Monday,14227.59,UPI
CUST000860,1,Food,20 58,Sunday,711.19,UPI
CUST000861,6,Beauty Personal Care,01 55,Tuesday,274.62,UPI
CUST000862,6,Beauty Personal Care,17 47,Wednesday,2149.99,UPI
CUST000863,2,Beauty Personal Care,11 02,Sunday,2921.40,UPI
CUST000864,1,Fashion,04 50,Saturday,2854.05,UPI
CUST000865,6,Books Stationery,07 54,Monday,1604.59,UPI
CUST000866,6,Home Kitchen,08 35,Wednesday,9175.92,CASH
CUST000867,3,Sports Fitness,10 36,Thursday,13354.90,CASH
CUST000868,4,Electronics,12 59,Wednesday,45762.35,UPI
CUST000869,4,Food,03 40,Thursday,378.63,UPI
CUST000870,6,Fashion,09 05,Friday,4691.68,UPI
CUST000871,2,Books Stationery,21 31,Thursday,104.27,CASH
CUST000872,4,Toys Games,21 34,Wednesday,2211.22,CASH
CUST000873,6,Toys Games,06 06,Thursday,2159.78,CASH
CUST000874,5,Books Stationery,00 05,Thursday,1217.07,CARD
CUST000875,5,Toys Games,13 28,Saturday,468.62,CASH
CUST000876,6,Toys Games,01 57,Tuesday,589.41,CARD
CUST000877,1,Healthcare,09 13,Monday,672.60,CARD
CUST000878,3,Electronics,18 11,Sunday,18712.91,CARD
CUST000879,6,Healthcare,13 25,Sunday,933.28,CASH
CUST000880,5,Toys Games,04 46,Thursday,2261.89,UPI
CUST000881,2,Toys Games,04 11,Sunday,4413.51,CASH
CUST000882,3,Healthcare,20 47,Wednesday,2063.11,CASH
CUST000883,3,Home Kitchen,09 17,Friday,4207.02,UPI
CUST000884,6,Grocery,10 52,Friday,285.05,UPI
CUST000885,2,Electronics,17 47,Friday,45594.66,CASH
CUST000886,3,Sports Fitness,03 02,Thursday,14216.54,UPI
CUST000887,6,Healthcare,11 41,Saturday,2963.29,UPI
CUST000888,1,Healthcare,22 47,Monday,2701.17,CASH
CUST000889,4,Home Kitchen,01 23,Saturday,3087.52,UPI
CUST000890,3,Home Kitchen,00 46,Wednesday,9826.59,CASH
CUST000891,6,Toys Games,18 59,Tuesday,1113.95,CASH
CUST000892,6,Sports Fitness,04 00,Saturday,1454.88,UPI
CUST000893,6,Books Stationery,08 59,Tuesday,1287.41,UPI
CUST000894,6,Beauty Personal Care,02 48,Monday,2739.88,UPI
CUST000895,1,Grocery,05 35,Sunday,1134.53,CASH
CUST000896,5,Electronics,18 07,Saturday,2126.79,CARD
CUST000897,5,Food,18 12,Tuesday,748.23,CASH
CUST000898,2,Beauty Personal Care,12 45,Monday,266.56,CARD
CUST000899,3,Beauty Personal Care,00 59,Friday,1474.93,UPI
CUST000900,3,Grocery,16 39,Sunday,1349.11,UPI
CUST000901,1,Toys Games,17 50,Thursday,324.10,UPI
CUST000902,5,Beauty Personal Care,21 08,Wednesday,1050.67,CASH
CUST000903,6,Electronics,09 05,Wednesday,15437.17,CASH
CUST000904,6,Food,15 43,Thursday,524.50,UPI
CUST000905,4,Toys Games,03 19,Monday,3710.64,CASH
CUST000906,3,Grocery,23 26,Tuesday,2633.25,UPI
CUST000907,3,Electronics,15 35,Sunday,42789.13,CASH
CUST000908,3,Books Stationery,08 13,Thursday,666.55,UPI
CUST000909,3,Books Stationery,21 36,Monday,1461.62,UPI
CUST000910,5,Toys Games,16 18,Saturday,1051.62,CARD
CUST000911,6,Books Stationery,00 01,Tuesday,753.62,CARD
CUST000912,3,Fashion,22 35,Tuesday,3565.16,CARD
CUST000913,1,Food,02 33,Wednesday,478.70,CASH
CUST000914,6,Electronics,05 30,Thursday,23941.12,UPI
CUST000915,2,Home Kitchen,10 08,Sunday,1995.84,UPI
CUST000916,5,Electronics,12 09,Sunday,48258.20,CARD
CUST000917,3,Home Kitchen,18 29,Friday,829.38,UPI
CUST000918,3,Toys Games,10 14,Sunday,4120.03,CARD
CUST000919,6,Healthcare,08 23,Thursday,2708.93,UPI
CUST000920,4,Toys Games,03 52,Tuesday,1424.29,CARD
CUST000921,6,Sports Fitness,08 06,Monday,13531.34,UPI
CUST000922,1,Healthcare,08 43,Thursday,1657.94,CASH
CUST000923,4,Books Stationery,00 19,Tuesday,1503.16,CASH
CUST000924,6,Fashion,11 20,Wednesday,1658.12,UPI
CUST000925,2,Home Kitchen,23 34,Thursday,6469.39,CARD
CUST000926,6,Sports Fitness,00 33,Friday,936.35,UPI
CUST000927,1,Toys Games,04 26,Monday,2648.73,CASH
CUST000928,6,Healthcare,10 19,Thursday,3161.01,UPI
CUST000929,4,Beauty Personal Care,20 21,Tuesday,1177.66,CARD
CUST000930,6,Fashion,11 03,Tuesday,1957.13,CARD
CUST000931,2,Grocery,19 29,Wednesday,599.31,UPI
CUST000932,3,Electronics,04 43,Wednesday,26047.40,CASH
CUST000933,4,Grocery,12 32,Tuesday,1266.39,UPI
CUST000934,4,Fashion,12 09,Monday,3652.81,UPI
CUST000935,6,Fashion,09 58,Tuesday,4922.28,CARD
CUST000936,4,Home Kitchen,22 02,Thursday,4868.59,CASH
CUST000937,1,Sports Fitness,04 20,Friday,5205.62,CARD
CUST000938,3,Home Kitchen,09 22,Thursday,401.62,CASH
CUST000939,5,Grocery,23 27,Monday,881.72,CASH
CUST000940,5,Beauty Personal Care,15 56,Thursday,360.51,CASH
CUST000941,5,Toys Games,05 38,Wednesday,4547.88,UPI
CUST000942,3,Electronics,11 58,Wednesday,40388.49,UPI
CUST000943,1,Fashion,22 18,Sunday,2101.61,CARD
CUST000944,1,Electronics,09 01,Saturday,41851.67,UPI
CUST000945,2,Books Stationery,14 45,Thursday,156.47,UPI
CUST000946,4,Healthcare,23 10,Wednesday,3544.67,CASH
CUST000947,5,Toys Games,22 35,Sunday,1090.63,CASH
CUST000948,5,Grocery,04 29,Saturday,605.17,CARD
CUST000949,1,Beauty Personal Care,13 12,Tuesday,548.69,UPI
CUST000950,2,Toys Games,07 42,Sunday,1300.36,CASH
CUST000951,6,Electronics,07 53,Friday,46455.01,CARD
CUST000952,4,Fashion,21 26,Tuesday,2937.16,CARD
CUST000953,4,Food,23 27,Sunday,58.36,CASH
CUST000954,3,Food,19 12,Tuesday,692.08,CARD
CUST000955,1,Grocery,02 37,Sunday,1788.29,CARD
CUST000956,4,Toys Games,14 57,Friday,3693.65,UPI
CUST000957,4,Home Kitchen,12 28,Thursday,5739.20,UPI
CUST000958,6,Books Stationery,23 00,Sunday,1462.49,CASH
CUST000959,5,Fashion,11 46,Monday,3382.98,CASH
CUST000960,3,Books Stationery,17 33,Monday,1382.28,UPI
CUST000961,4,Grocery,21 52,Friday,2830.95,UPI
CUST000962,6,Fashion,23 52,Thursday,2981.35,CASH
CUST000963,4,Electronics,13 01,Friday,48410.68,UPI
CUST000964,2,Books Stationery,18 31,Thursday,1315.29,CASH
CUST000965,5,Books Stationery,08 46,Tuesday,1867.19,CASH
CUST000966,2,Healthcare,21 57,Friday,3684.51,UPI
CUST000967,3,Toys Games,08 12,Thursday,4665.86,UPI
CUST000968,3,Home Kitchen,23 28,Saturday,9744.47,CARD
CUST000969,2,Sports Fitness,20 27,Wednesday,11289.06,CASH
CUST000970,6,Fashion,05 19,Sunday,2900.89,CARD
CUST000971,5,Healthcare,17 59,Friday,3201.64,CASH
CUST000972,6,Fashion,03 01,Friday,661.86,CASH
CUST000973,2,Home Kitchen,17 28,Friday,3744.98,CARD
CUST000974,5,Sports Fitness,01 04,Wednesday,12716.81,UPI
CUST000975,1,Fashion,07 19,Friday,2718.45,UPI
CUST000976,6,Toys Games,04 26,Monday,4002.95,CARD
CUST000977,5,Healthcare,19 47,Saturday,1994.99,CARD
CUST000978,1,Food,12 00,Tuesday,706.83,CARD
CUST000979,2,Healthcare,19 35,Thursday,1690.30,CASH
CUST000980,5,Grocery,02 04,Sunday,2593.51,CARD
CUST000981,2,Food,00 28,Sunday,132.99,UPI
CUST000982,6,Beauty Personal Care,10 46,Tuesday,1853.92,CARD
CUST000983,4,Books Stationery,21 22,Sunday,1703.49,UPI
CUST000984,3,Food,13 03,Saturday,111.20,UPI
CUST000985,1,Books Stationery,18 11,Friday,1434.55,UPI
CUST000986,1,Toys Games,17 46,Monday,1712.08,UPI
CUST000987,3,Beauty Personal Care,02 58,Wednesday,2100.03,UPI
CUST000988,3,Grocery,08 12,Monday,648.12,UPI
CUST000989,4,Sports Fitness,23 39,Thursday,12284.13,CARD
CUST000990,6,Beauty Personal Care,12 30,Sunday,2380.43,UPI
CUST000991,3,Books Stationery,01 55,Sunday,1512.42,UPI
CUST000992,1,Sports Fitness,14 53,Friday,1116.44,CARD
CUST000993,5,Electronics,05 44,Friday,12189.73,CARD
CUST000994,3,Grocery,11 05,Friday,2905.78,CASH
CUST000995,3,Food,16 28,Sunday,185.58,CARD
CUST000996,5,Toys Games,04 12,Monday,3983.56,CARD
CUST000997,4,Fashion,10 35,Wednesday,4243.92,UPI
CUST000998,5,Electronics,06 23,Friday,28845.56,UPI
CUST000999,2,Fashion,16 09,Tuesday,1499.61,UPI
CUST001000,3,Electronics,20 59,Wednesday,34196.71,CASH
